id,tests_or_evidence,status,remaining_scope
A01,TestGoalPlannerInitialImportCapacityAndRestart; InstancesView init input,PARTIAL,完整混合自然语言人格/关系/愿望的真实语义拆分未验收
A02,TestGoalPlannerInitialImportCapacityAndRestart,PASS,8项输入=5 active+3 candidate
A03,TestGoalPlannerInitialImportCapacityAndRestart; TestFormalConversationWithoutIntentionCompletesOriginalExpressionGoal; TestCompiledWorkingPersonaNativeDetailChain,PARTIAL,完成后同一业务场景串联重编译、重启及WakeUp尚未作为单条脚本重跑
A04,TestCompiledWorkingPersonaNativeDetailChain; TestPersonaDetailIndependentToolReadsCanonicalSource,PARTIAL,历史人格再读后不复活的全组合仍需真实Provider
A05,TestComposeProviderMessagesPreservesMultiPersonalityDecisionInputs; Source review UI,PARTIAL,结构字段隔离及稳定特征保留已实现；任意混合长文本需受控语义复核
A06,TestGoalPlannerInitialSourceLinksPausedOrCancelledEquivalent; TestGoalPlannerSourceReviewVisibleVersionedAndRestartable,PARTIAL,精确结果或已确认来源关联已验证；纯同义改写的语义质量未验收
A07,TestGoalPlannerOtherProfileEventsRetainedUntilSwitch; TestGoalPlannerCapacityConcurrentAllEntrances,PARTIAL,私有事件保留/统一容量验证；多Actor跨人格完整业务组合未跑
A08,TestGoalPlannerInitialImportCapacityAndRestart; TestGoalPlannerSourceReviewVisibleVersionedAndRestartable,PASS,来源重入、修订不隐式恢复及审计关联
B01,TestGoalPlannerBrowserAPIUsesRealAuthorityAndVersions; actual production-build browser fixture,PASS,Actor保存、刷新、版本、相关目标复核状态实际出现
B02,TestGoalPlannerPolicyAndActorVersionFences; TestGoalPlannerBrowserAPIUsesRealAuthorityAndVersions,PASS,旧版本拒绝且草稿保留
B03,TestGoalPlannerPolicyAndActorVersionFences; production-build Actor编辑,PARTIAL,目标待复核/动作门禁已验证；同城日程全业务脚本未完整复跑
B04,TestGoalPlannerToolsIndependentSuccessFailureAndPolicy; TestGoalPlannerOtherProfileEventsRetainedUntilSwitch; TestGoalPlannerActorABEditsDoNotCrossContextOrGoalReview,PASS,两个可见Actor独立版本/背景/目标复核和越权/隐藏Actor拒绝均实际验证
B05,Actor source/relationship revision implementation; TestMutualRelationshipGoalRequiresActualAcceptanceAndFrozenRevision; TestGoalPlannerActorABEditsDoNotCrossContextOrGoalReview,PARTIAL,没有伪造对话事件；独立Owner关系配置按钮到Goal不完成全脚本未跑
B06,TestMutualRelationshipGoalRequiresActualAcceptanceAndFrozenRevision/refusal,PARTIAL,拒绝不完成关系已验证；新候选频率/反复追求需真实Provider
B07,TestGoalPlannerPolicyAndActorVersionFences; TestGoalPlannerCommitToolStandaloneReplayConflictAndProtection,PASS,陈旧事实/集合提交被拒绝
B08,Existing Actor timezone/background tests; ActorContext history API,PARTIAL,未知及IANA校验/来源时效沿用；过期信息的Planner语义样本未跑
C01,TestGoalPlannerInitialImportCapacityAndRestart; TestGoalPlannerConcurrentDependencyGraphAndStockMigration,PASS,活动/候选/暂停/存量计数真实DB
C02,TestGoalPlannerCapacityConcurrentAllEntrances,PARTIAL,真实PG多连接竞争和SQL兜底通过；多个OS Worker同时竞争的单独脚本未跑
C03,TestGoalPlannerCapacityConcurrentAllEntrances; TestGoalPlannerBrowserAPIUsesRealAuthorityAndVersions,PASS,第六个新增/恢复返回容量错误
C04,TestGoalPlannerConcurrentSameKeyReturnsSameDurableResult; TestGoalPlannerCommitToolStandaloneReplayConflictAndProtection,PASS,同键并发/重复提交同ID同结果
C05,TestGoalPlannerAtomicDependenciesOrderAndReplay,PASS,非法依赖导致暂停、创建及集合一起回滚
C06,TestGoalPlannerPolicyAndActorVersionFences,PASS,在途关闭策略或旧版本不再激活
C07,TestGoalPlannerCommitToolStandaloneReplayConflictAndProtection; TestGoalPlannerRecoveryPolicyIsOperationalAndModelCannotExpandIt,PARTIAL,人工保护/候选有界通过；长期受阻质量样本未真实模型验证
C08,TestGoalPlannerConcurrentDependencyGraphAndStockMigration; TestGoalEvaluationBatchRemainderRetainsActualSource,PASS,旧超额保留、增长被拒绝、完成批次兼容
C09,TestGoalPlannerAtomicDependenciesOrderAndReplay; policy command validation,PARTIAL,代码拒绝超额收紧；专门收紧容量组合用例未独立跑
C10,TestGoalPlannerPolicyAndActorVersionFences; TestGoalPlannerPureOrderCommitSurvivesLostFinalResponse,PASS,旧claim/过期租约拒绝
D01,TestGoalPlannerE2EAllGoalsFinishThenNewGoalFinishesOriginalChain; TestGoalPlannerNativeLoopConsumesQueryCommitAndReread,PASS_SCRIPT_PROVIDER,正式原生loop+真实工具与数据库；不是真实Provider质量
D02,TestGoalPlannerToolsIndependentSuccessFailureAndPolicy; TestGoalPlannerQueryAndCommitDependencyFailureWithoutAgent; TestGoalPlannerProviderFailureAndQuietDisabledRequests,PARTIAL,独立错误/权限/Provider失败通过；模型冲突后有限修正策略需更多样本
D03,TestGoalPlannerE2EAllGoalsFinishThenNewGoalFinishesOriginalChain,PASS_SCRIPT_PROVIDER,三个实际完成→新Goal→原完成链；真实Provider同场景未运行
D04,TestGoalPlannerNoViableCandidateIsQuietAndDistinctFromFailure; TestGoalJointPostgresRedisTemporalWorkerRestart,PARTIAL,合理空集合真实链通过；仅两个合理候选质量样本未跑
D05,Planner history Tool + semantic comparison instruction; server exact-source/outcome guard,NOT_VERIFIED_REAL_PROVIDER,改写同义的语义判定尚未验收，不以hash替代
D06,TestGoalPlannerCommitToolStandaloneReplayConflictAndProtection; source ledger/history,PARTIAL,保护/取消/暂停历史实际保持；改名规避的真实模型行为未验收
D07,GoalSetChange deadline/source fields + history comparison,NOT_VERIFIED_REAL_PROVIDER,新窗口/新主题的重复需求语义样本未跑
D08,Planner actual life/Actor/goal query; no external write catalog,NOT_VERIFIED_REAL_PROVIDER,当前事实已满足或兴趣不足的候选质量需真实模型审查
E01,TestGoalPlannerAtomicDependenciesOrderAndReplay,PASS,默认追加和稳定排序/重启
E02,GoalSet order/deadline/reason command,PARTIAL,真实截止字段和审计存在；自动Deadline插队质量未单独跑
E03,TestGoalPlannerAtomicDependenciesOrderAndReplay; actual browser manual sort+reload,PASS,人工相对顺序保持、新目标追加
E04,Execution admission+ranked agency/intention projection,PARTIAL,合法过滤与排序接线；首项等待而第二项执行的专门脚本未跑
E05,TestGoalPlannerAtomicDependenciesOrderAndReplay; TestGoalPlannerConcurrentDependencyGraphAndStockMigration,PARTIAL,自环/循环/非法外部引用拒绝；所有私有作用域组合未逐一跑
E06,TestGoalPlannerConcurrentDependencyGraphAndStockMigration,PASS,并发反向依赖至少一个冲突，最终无环
E07,TestGoalPlannerDependencyBlocksOldDueAndReleasesAfterRealCompletion,PASS,旧到期Worker与直接动作都被真实门禁拒绝
E08,TestGoalPlannerDependencyBlocksOldDueAndReleasesAfterRealCompletion; dependency change evaluation queue,PARTIAL,真实前置完成后原虚拟动作启动；重复解除事件单独组合未跑
E09,Existing inventory/goal admission regressions; dependency recheck,PARTIAL,当前物品权威仍校验；前置取消/重开/资源丢失全组合未跑
E10,Capacity + protected pause/resume + candidate policy,NOT_RUN_FULL_SCENARIO,五受阻+候选前置的整套改组脚本未完整执行
F01,TestGoalPlannerE2EAllGoalsFinishThenNewGoalFinishesOriginalChain,PASS,三个结束事件合并为一个run，未各补五条
F02,TestGoalPlannerOtherProfileEventsRetainedUntilSwitch; TestGoalPlannerCommittedCrashRetainsLaterEventsAndRepairQueuesThem,PASS,私有事件及模型期间晚到事件不被水位吞掉
F03,TestGoalPlannerProviderFailureAndQuietDisabledRequests; TestGoalPlannerPolicyBlockRetainsEventsAndRecoveryWaitsForPermission,PASS,失败/策略等待分开、退避、条件恢复
F04,TestGoalPlannerPureOrderCommitSurvivesLostFinalResponse; TestGoalPlannerCommittedCrashRetainsLaterEventsAndRepairQueuesThem; TestGoalJointPostgresRedisTemporalWorkerRestart,PASS,空applied提交/提交后崩溃/实际Worker恢复不重复
F05,TestMutualRelationshipGoalRequiresActualAcceptanceAndFrozenRevision; queued fresh Actor context,PARTIAL,冻结关系版本/拒绝已验证；关系晚到乱序全脚本未跑
F06,TestBackgroundSilentHistoryDoesNotCallModelOrAdvanceGoalWatermark; TestGoalPlannerNoViableCandidateIsQuietAndDistinctFromFailure,PASS_SCRIPT_PROVIDER,无新信息不固定调用，实际后台回归另跑Redis
F07,TestGoalPlannerPolicyAndActorVersionFences; TestGoalPlannerPolicyBlockRetainsEventsAndRecoveryWaitsForPermission; actual UI off+reload,PARTIAL,关闭/在途/重启恢复通过；关闭期间立即建议到重新开启单条业务脚本未跑
F08,TestTurnPathCostMeasurement; TestNativePersonaLoopUsesGenericIterationGuardInsteadOfLegacyStageBudget; E2E01 physical cost,PASS_MEASUREMENT,实际脚本wire统计/续轮预算，不代表真实token/延迟
F09,TestGoalPlannerNativeLoopConsumesQueryCommitAndReread; TestGoalPlannerE2EAllGoalsFinishThenNewGoalFinishesOriginalChain; TestScheduledAcquisitionGoalClockIndependentWearAndFinalWorkflow,PASS_SCRIPT_PROVIDER,新Goal原证据链完成及旧日程获取链保持
F10,TestFormalConversationWithoutIntentionCompletesOriginalExpressionGoal; TestScheduledAcquisitionGoalClockIndependentWearAndFinalWorkflow; TestGoalPauseAndCancelPreventOldDueAndDirectActivity,PASS,正式消息、真实入库、暂停基线回归
G01,TestGoalPlannerBrowserAPIUsesRealAuthorityAndVersions; actual production-build browser + GoalPanel tests; ui-lifecycle-db.log; ui-capacity.jpg,PASS,实际页面创建/暂停/恢复/候选激活/第六目标拒绝和数据库计数一致；容量提示与草稿保持经修复后复测
G02,Actual production-build sort/dependency/save/reload; GoalDetail provenance,PASS,人工排序与依赖刷新保持、来源与前置分别显示
G03,TestGoalPlannerNoViableCandidateIsQuietAndDistinctFromFailure; TestGoalPlannerProviderFailureAndQuietDisabledRequests; run history UI,PARTIAL,状态区分/倒序/错误实际有记录；所有状态的浏览器截图未逐项验证
G04,TestGoalPlannerConcurrentDependencyGraphAndStockMigration; TestGoalPlannerSourceReviewVisibleVersionedAndRestartable,PARTIAL,dry-run/批次/重入/超额保留通过；生产存量未操作
G05,research/entry-map.md; TestFormalMainWardrobeQueryResultRequestsIndependentGoalPlanning; TestGoalPlannerScheduledWishCannotCreateIntentionOrCallScheduleModel; TestValidResidualFollowupDoesNotDuplicateAcrossCompletionReplay,PASS,自主旧链收敛，直接Owner命令仍受统一门禁
G06,TestGoalPlannerToolsIndependentSuccessFailureAndPolicy; TestGoalPlannerCommitToolStandaloneReplayConflictAndProtection; TestGoalPlannerQueryAndCommitDependencyFailureWithoutAgent; native loop tests,PASS_SCRIPT_PROVIDER,两个新增Tool成功/权限/失败/幂等独立验证；修改Tool有原回归
